id,t_start,t_end,t_mid,clean_charge_start,clean_charge_end,clean_current,observed_current,sigma,side
0,0.0025000000000000001,0.0050000000000000001,0.0037499999999999999,-1.0055842688134342,-1.0108201173989404,-2.0943394342024746,-2.146324207447865,0.041886788684049492,left
1,0.0050000000000000001,0.0074999999999999997,0.0062500000000000003,-1.0108201173989404,-1.0157847406340481,-1.9858492940430852,-1.9816618739890037,0.041886788684049492,left
2,0.0074999999999999997,0.01,0.0087500000000000008,-1.0157847406340481,-1.020524669426248,-1.8959715168799458,-1.8917557866153287,0.041886788684049492,left
3,0.01,0.012500000000000001,0.01125,-1.020524669426248,-1.0250681752752389,-1.8174023395963519,-1.8227949177808216,0.041886788684049492,left
4,0.012500000000000001,0.014999999999999999,0.01375,-1.0250681752752389,-1.0294347961855548,-1.7466483641263695,-1.6729103168745953,0.041886788684049492,left
5,0.014999999999999999,0.017500000000000002,0.016250000000000001,-1.0294347961855548,-1.0336391120025807,-1.6817263268103828,-1.6464338517440418,0.041886788684049492,left
6,0.017500000000000002,0.02,0.018750000000000003,-1.0336391120025807,-1.0376925387355562,-1.6213706931901948,-1.5704172087919015,0.041886788684049492,left
7,0.02,0.022499999999999999,0.021249999999999998,-1.0376925387355562,-1.0416043904793333,-1.5647406975108256,-1.6048411331778414,0.041886788684049492,left
8,0.022499999999999999,0.025000000000000001,0.02375,-1.0416043904793333,-1.0453824328621493,-1.5112169531263917,-1.5521053675150607,0.041886788684049492,left
9,0.025000000000000001,0.0275,0.026250000000000002,-1.0453824328621493,-1.0490333159304037,-1.4603532273017812,-1.4406889517947541,0.041886788684049492,left
10,0.0275,0.029999999999999999,0.028749999999999998,-1.0490333159304037,-1.0525628709731039,-1.4118220170800562,-1.4149286352663963,0.041886788684049492,left
11,0.029999999999999999,0.032500000000000001,0.03125,-1.0525628709731039,-1.0559762673860735,-1.3653585651878675,-1.3189040093870226,0.041886788684049492,left
12,0.032500000000000001,0.035000000000000003,0.033750000000000002,-1.0559762673860735,-1.0592781554986475,-1.320755245029569,-1.3370784021379651,0.041886788684049492,left
13,0.035000000000000003,0.037499999999999999,0.036250000000000004,-1.0592781554986475,-1.0624727904451721,-1.2778539786098466,-1.3779029939902654,0.041886788684049492,left
14,0.037499999999999999,0.040000000000000001,0.03875,-1.0624727904451721,-1.0655641114515648,-1.2365284025571011,-1.2305764837092628,0.041886788684049492,left
15,0.040000000000000001,0.042500000000000003,0.041250000000000002,-1.0655641114515648,-1.0685557960511551,-1.1966738398361254,-1.2265308018563956,0.041886788684049492,left
16,0.042500000000000003,0.044999999999999998,0.043749999999999997,-1.0685557960511551,-1.0714512923144452,-1.158198505316046,-1.1476127347740381,0.041886788684049492,left
17,0.044999999999999998,0.047500000000000001,0.046249999999999999,-1.0714512923144452,-1.0742538605847267,-1.1210273081125868,-1.1341640509102731,0.041886788684049492,left
18,0.047500000000000001,0.050000000000000003,0.048750000000000002,-1.0742538605847267,-1.076966605018302,-1.0850977734301095,-1.0865714557440074,0.041886788684049492,left
19,0.050000000000000003,0.052499999999999998,0.051250000000000004,-1.076966605018302,-1.0795924843874545,-1.0503517476609956,-1.0144056253489677,0.041886788684049492,left
20,0.052499999999999998,0.055,0.053749999999999999,-1.0795924843874545,-1.0821343426819197,-1.0167433177860721,-1.0663398230677765,0.041886788684049492,left
21,0.055,0.057500000000000002,0.056250000000000001,-1.0821343426819197,-1.0845949105931558,-0.98422716449446579,-1.0344273727616344,0.041886788684049492,left
22,0.057500000000000002,0.059999999999999998,0.058749999999999997,-1.0845949105931558,-1.0869768170769938,-0.95276259353518533,-0.96286098398732367,0.041886788684049492,left
23,0.059999999999999998,0.0625,0.061249999999999999,-1.0869768170769938,-1.0892825845985696,-0.9223070086303401,-0.85169827848604884,0.041886788684049492,left
24,0.0625,0.065000000000000002,0.063750000000000001,-1.0892825845985696,-1.0915146557987134,-0.89282848005751625,-0.89085817159663183,0.041886788684049492,left
25,0.065000000000000002,0.067500000000000004,0.066250000000000003,-1.0915146557987134,-1.0936753888790927,-0.86429323215169085,-0.86235670040240697,0.041886788684049492,left
26,0.067500000000000004,0.070000000000000007,0.068750000000000006,-1.0936753888790927,-1.0957670597462941,-0.83666834688056391,-0.78988434389745543,0.041886788684049492,left
27,0.070000000000000007,0.072499999999999995,0.071250000000000008,-1.0957670597462941,-1.0977918803966233,-0.80992826013171304,-0.86492989134309628,0.041886788684049492,left
28,0.072499999999999995,0.074999999999999997,0.073749999999999996,-1.0977918803966233,-1.0997519794328015,-0.78403961447124293,-0.74496000832956277,0.041886788684049492,left
29,0.074999999999999997,0.077499999999999999,0.076249999999999998,-1.0997519794328015,-1.1016494256418849,-0.75897848363339837,-0.84332881948464489,0.041886788684049492,left
30,0.077499999999999999,0.080000000000000002,0.078750000000000001,-1.1016494256418849,-1.1034862208266998,-0.73471807392593225,-0.71940568814686068,0.041886788684049492,left
31,0.080000000000000002,0.082500000000000004,0.081250000000000003,-1.1034862208266998,-1.1052642985755232,-0.71123109952937402,-0.71855445279164454,0.041886788684049492,left
32,0.082500000000000004,0.085000000000000006,0.083750000000000005,-1.1052642985755232,-1.1069855217394384,-0.68848926556608281,-0.67238597871117245,0.041886788684049492,left
33,0.085000000000000006,0.087500000000000008,0.086250000000000007,-1.1069855217394384,-1.1086517207504223,-0.66647960439354337,-0.70910310065718363,0.041886788684049492,left
34,0.087500000000000008,0.089999999999999997,0.088749999999999996,-1.1086517207504223,-1.1102646326598113,-0.64516476375562648,-0.71332463106660493,0.041886788684049492,left
35,0.089999999999999997,0.092499999999999999,0.091249999999999998,-1.1102646326598113,-1.111825963579504,-0.62453236787707256,-0.57271957159527542,0.041886788684049492,left
36,0.092499999999999999,0.095000000000000001,0.09375,-1.111825963579504,-1.1133373648029035,-0.6045604893597728,-0.63534159795801215,0.041886788684049492,left
37,0.095000000000000001,0.097500000000000003,0.096250000000000002,-1.1133373648029035,-1.1148004159010032,-0.58522043923989686,-0.58055173665142579,0.041886788684049492,left
38,0.097500000000000003,0.10000000000000001,0.098750000000000004,-1.1148004159010032,-1.1162166801442421,-0.56650569729557121,-0.53674361733449316,0.041886788684049492,left
39,0.10000000000000001,0.10250000000000001,0.10125000000000001,-1.1162166801442421,-1.11758763835007,-0.54838328233115474,-0.59952660201903285,0.041886788684049492,left
40,0.10250000000000001,0.105,0.10375000000000001,-1.11758763835007,-1.1189147411588558,-0.53084112351431645,-0.5254873532876102,0.041886788684049492,left
41,0.105,0.1075,0.10625,-1.1189147411588558,-1.1201993955017917,-0.51386173717435879,-0.50574932341657175,0.041886788684049492,left
42,0.1075,0.11,0.10875,-1.1201993955017917,-1.1214429482601704,-0.49742110335149148,-0.53016505197587127,0.041886788684049492,left
43,0.11,0.1125,0.11125,-1.1214429482601704,-1.1226467399798579,-0.4815166878749717,-0.45717670541200744,0.041886788684049492,left
44,0.1125,0.115,0.11375,-1.1226467399798579,-1.1238120225541348,-0.46611302971077923,-0.43588229343226426,0.041886788684049492,left
45,0.115,0.11750000000000001,0.11625000000000001,-1.1238120225541348,-1.1249400150000262,-0.45119697835653799,-0.43976000505787505,0.041886788684049492,left
46,0.11750000000000001,0.12,0.11874999999999999,-1.1249400150000262,-1.1260319247628916,-0.43676390514617786,-0.46912781804784298,0.041886788684049492,left
47,0.12,0.1225,0.12125,-1.1260319247628916,-1.1270889171846121,-0.4227969686882101,-0.43995730508950653,0.041886788684049492,left
48,0.1225,0.125,0.12375,-1.1270889171846121,-1.1281120835167224,-0.40926653284412101,-0.38986925723194427,0.041886788684049492,left
49,0.125,0.1275,0.12625,-1.1281120835167224,-1.1291024930475706,-0.39616381233926712,-0.40832081401278164,0.041886788684049492,left
50,0.1275,0.13,0.12875,-1.1291024930475706,-1.1300612433855004,-0.38350013517192105,-0.36032230517719632,0.041886788684049492,left
51,0.13,0.13250000000000001,0.13125000000000001,-1.1300612433855004,-1.1309893141142524,-0.37122829150080217,-0.4070786966522324,0.041886788684049492,left
52,0.13250000000000001,0.13500000000000001,0.13375000000000001,-1.1309893141142524,-1.1318876737858417,-0.35934386863569723,-0.37323032697873204,0.041886788684049492,left
53,0.13500000000000001,0.13750000000000001,0.13625000000000001,-1.1318876737858417,-1.132757292322834,-0.34784741479691983,-0.41172493478717676,0.041886788684049492,left
54,0.13750000000000001,0.14000000000000001,0.13875000000000001,-1.132757292322834,-1.1335990995916336,-0.3367229075198705,-0.34476869841024593,0.041886788684049492,left
55,0.14000000000000001,0.14250000000000002,0.14125000000000001,-1.1335990995916336,-1.1344139649285714,-0.32594613477510109,-0.34916157253853447,0.041886788684049492,left
56,0.14250000000000002,0.14499999999999999,0.14374999999999999,-1.1344139649285714,-1.1352027438575554,-0.31551157159359955,-0.41159161808475159,0.041886788684049492,left
57,0.14499999999999999,0.14749999999999999,0.14624999999999999,-1.1352027438575554,-1.1359663063747454,-0.3054250068760031,-0.26086645732102576,0.041886788684049492,left
58,0.14749999999999999,0.14999999999999999,0.14874999999999999,-1.1359663063747454,-1.1367054364528537,-0.29565203124333167,-0.26695830795493208,0.041886788684049492,left
59,0.14999999999999999,0.1525,0.15125,-1.1367054364528537,-1.137420906955048,-0.28618820087773472,-0.30185712495752837,0.041886788684049492,left
60,0.1525,0.155,0.15375,-1.137420906955048,-1.1381135022695976,-0.27703812581982823,-0.26265272951547652,0.041886788684049492,left
61,0.155,0.1575,0.15625,-1.1381135022695976,-1.1387839571887393,-0.26818196765665525,-0.27973517089605504,0.041886788684049492,left
62,0.1575,0.16,0.15875,-1.1387839571887393,-1.1394329598564676,-0.25960106709135267,-0.24606901395627426,0.041886788684049492,left
63,0.16,0.16250000000000001,0.16125,-1.1394329598564676,-1.1400611835964349,-0.25128949598691697,-0.28598915969715255,0.041886788684049492,left
64,0.16250000000000001,0.16500000000000001,0.16375000000000001,-1.1400611835964349,-1.1406693038389852,-0.24324809702012096,-0.26819398665376426,0.041886788684049492,left
65,0.16500000000000001,0.16750000000000001,0.16625000000000001,-1.1406693038389852,-1.1412580020103755,-0.23547926855611556,-0.29267521250029438,0.041886788684049492,left
66,0.16750000000000001,0.17000000000000001,0.16875000000000001,-1.1412580020103755,-1.1418278629839937,-0.22794438944728748,-0.24207035061246937,0.041886788684049492,left
67,0.17000000000000001,0.17250000000000001,0.17125000000000001,-1.1418278629839937,-1.1423794767786046,-0.22064551784435318,-0.25374356115299812,0.041886788684049492,left
68,0.17250000000000001,0.17500000000000002,0.17375000000000002,-1.1423794767786046,-1.142913416547735,-0.21357590765216353,-0.23296928861092508,0.041886788684049492,left
69,0.17500000000000002,0.17749999999999999,0.17625000000000002,-1.142913416547735,-1.1434303156925449,-0.20675965792396267,-0.19751467949027177,0.041886788684049492,left
70,0.17749999999999999,0.17999999999999999,0.17874999999999999,-1.1434303156925449,-1.1439306756278533,-0.20014397412335666,-0.23533502967743908,0.041886788684049492,left
71,0.17999999999999999,0.1825,0.18124999999999999,-1.1439306756278533,-1.1444150163765994,-0.1937362994984147,-0.16301940687460892,0.041886788684049492,left
72,0.1825,0.185,0.18375,-1.1444150163765994,-1.1448838370270189,-0.18752826016781282,-0.12127659047341648,0.041886788684049492,left
73,0.185,0.1875,0.18625,-1.1448838370270189,-1.1453376802164501,-0.18153727577248074,-0.17311770296201015,0.041886788684049492,left
74,0.1875,0.19,0.18875,-1.1453376802164501,-1.1457770130785896,-0.175733144855794,-0.1100576479606417,0.041886788684049492,left
75,0.19,0.1925,0.19125,-1.1457770130785896,-1.146202284714035,-0.170108654178147,-0.18454608801859987,0.041886788684049492,left
76,0.1925,0.19500000000000001,0.19375000000000001,-1.146202284714035,-1.1466139356695855,-0.16466038222020515,-0.14689968154986385,0.041886788684049492,left
77,0.19500000000000001,0.19750000000000001,0.19625000000000001,-1.1466139356695855,-1.1470123991511332,-0.15938539261908233,-0.24389060340526222,0.041886788684049492,left
78,0.19750000000000001,0.20000000000000001,0.19875000000000001,-1.1470123991511332,-1.1473981175114338,-0.15428734412026288,-0.16963760284497098,0.041886788684049492,left
